--==========================================================================================================================	
-- BUILDING CLASSES
--==========================================================================================================================	
------------------------------	
-- BuildingClasses
------------------------------
INSERT INTO BuildingClasses 	
			(Type,														DefaultBuilding,										NoLimit)
VALUES		('BUILDINGCLASS_ETHIOPIA_MONOLITHIC_CHURCH_TRADITION',		'BUILDING_ETHIOPIA_MONOLITHIC_CHURCH_TRADITION',		1),
			('BUILDINGCLASS_ETHIOPIA_MONOLITHIC_CHURCH_LIBERTY',		'BUILDING_ETHIOPIA_MONOLITHIC_CHURCH_LIBERTY',			1),
			('BUILDINGCLASS_ETHIOPIA_MONOLITHIC_CHURCH_HONOR',			'BUILDING_ETHIOPIA_MONOLITHIC_CHURCH_HONOR',			1),
			('BUILDINGCLASS_ETHIOPIA_MONOLITHIC_CHURCH_PIETY',			'BUILDING_ETHIOPIA_MONOLITHIC_CHURCH_PIETY',			1),
			('BUILDINGCLASS_ETHIOPIA_MONOLITHIC_CHURCH_PATRONAGE',		'BUILDING_ETHIOPIA_MONOLITHIC_CHURCH_PATRONAGE',		1),
			('BUILDINGCLASS_ETHIOPIA_MONOLITHIC_CHURCH_AESTHETICS',		'BUILDING_ETHIOPIA_MONOLITHIC_CHURCH_AESTHETICS',		1),
			('BUILDINGCLASS_ETHIOPIA_MONOLITHIC_CHURCH_RATIONALISM',	'BUILDING_ETHIOPIA_MONOLITHIC_CHURCH_RATIONALISM',		1),
			('BUILDINGCLASS_ETHIOPIA_MONOLITHIC_CHURCH_EXPLORATION',	'BUILDING_ETHIOPIA_MONOLITHIC_CHURCH_EXPLORATION',		1),
			('BUILDINGCLASS_ETHIOPIA_MONOLITHIC_CHURCH_COMMERCE',		'BUILDING_ETHIOPIA_MONOLITHIC_CHURCH_COMMERCE',			1),
			('BUILDINGCLASS_ETHIOPIA_MONOLITHIC_CHURCH_PANTHEON',		'BUILDING_ETHIOPIA_MONOLITHIC_CHURCH_PANTHEON',			1),
			('BUILDINGCLASS_ETHIOPIA_MONOLITHIC_CHURCH_FOUNDER',		'BUILDING_ETHIOPIA_MONOLITHIC_CHURCH_FOUNDER',			1),
			('BUILDINGCLASS_ETHIOPIA_MONOLITHIC_CHURCH_ENHANCER',		'BUILDING_ETHIOPIA_MONOLITHIC_CHURCH_ENHANCER',			1),
			('BUILDINGCLASS_ETHIOPIA_MONOLITHIC_CHURCH_REFORMATION',	'BUILDING_ETHIOPIA_MONOLITHIC_CHURCH_REFORMATION',		1),
			('BUILDINGCLASS_ETHIOPIA_MONOLITHIC_CHURCH_IDEOLOGY',		'BUILDING_ETHIOPIA_MONOLITHIC_CHURCH_IDEOLOGY',			1);
--==========================================================================================================================	

--==========================================================================================================================	
-- BUILDINGS
--==========================================================================================================================	
------------------------------
-- Buildings
------------------------------	
INSERT INTO Buildings 	
			(Type,												BuildingClass,											Description,												GoldMaintenance,	Cost, FaithCost,	GreatWorkCount, NeverCapture,  NukeImmune, ConquestProb,	HurryCostModifier,	IconAtlas,			PortraitIndex)
VALUES		('BUILDING_ETHIOPIA_MONOLITHIC_CHURCH_TRADITION',	'BUILDINGCLASS_ETHIOPIA_MONOLITHIC_CHURCH_TRADITION',	'TXT_KEY_BUILDING_ETHIOPIA_MONOLITHIC_CHURCH_TRADITION',	0,					-1,   -1,			-1,				1,             1,          0,				-1,					'CIV_COLOR_ATLAS',	0),
			('BUILDING_ETHIOPIA_MONOLITHIC_CHURCH_LIBERTY',		'BUILDINGCLASS_ETHIOPIA_MONOLITHIC_CHURCH_LIBERTY',		'TXT_KEY_BUILDING_ETHIOPIA_MONOLITHIC_CHURCH_LIBERTY',		0,					-1,   -1,			-1,				1,             1,          0,				-1,					'CIV_COLOR_ATLAS',	0),
			('BUILDING_ETHIOPIA_MONOLITHIC_CHURCH_HONOR',		'BUILDINGCLASS_ETHIOPIA_MONOLITHIC_CHURCH_HONOR',		'TXT_KEY_BUILDING_ETHIOPIA_MONOLITHIC_CHURCH_HONOR',		0,					-1,   -1,			-1,				1,             1,          0,				-1,					'CIV_COLOR_ATLAS',	0),
			('BUILDING_ETHIOPIA_MONOLITHIC_CHURCH_PIETY',		'BUILDINGCLASS_ETHIOPIA_MONOLITHIC_CHURCH_PIETY',		'TXT_KEY_BUILDING_ETHIOPIA_MONOLITHIC_CHURCH_PIETY',		0,					-1,   -1,			-1,				1,             1,          0,				-1,					'CIV_COLOR_ATLAS',	0),
			('BUILDING_ETHIOPIA_MONOLITHIC_CHURCH_PATRONAGE',	'BUILDINGCLASS_ETHIOPIA_MONOLITHIC_CHURCH_PATRONAGE',	'TXT_KEY_BUILDING_ETHIOPIA_MONOLITHIC_CHURCH_PATRONAGE',	0,					-1,   -1,			-1,				1,             1,          0,				-1,					'CIV_COLOR_ATLAS',	0),
			('BUILDING_ETHIOPIA_MONOLITHIC_CHURCH_AESTHETICS',	'BUILDINGCLASS_ETHIOPIA_MONOLITHIC_CHURCH_AESTHETICS',	'TXT_KEY_BUILDING_ETHIOPIA_MONOLITHIC_CHURCH_AESTHETICS',	0,					-1,   -1,			-1,				1,             1,          0,				-1,					'CIV_COLOR_ATLAS',	0),
			('BUILDING_ETHIOPIA_MONOLITHIC_CHURCH_RATIONALISM',	'BUILDINGCLASS_ETHIOPIA_MONOLITHIC_CHURCH_RATIONALISM',	'TXT_KEY_BUILDING_ETHIOPIA_MONOLITHIC_CHURCH_RATIONALISM',	0,					-1,   -1,			-1,				1,             1,          0,				-1,					'CIV_COLOR_ATLAS',	0),
			('BUILDING_ETHIOPIA_MONOLITHIC_CHURCH_EXPLORATION',	'BUILDINGCLASS_ETHIOPIA_MONOLITHIC_CHURCH_EXPLORATION',	'TXT_KEY_BUILDING_ETHIOPIA_MONOLITHIC_CHURCH_EXPLORATION',	0,					-1,   -1,			-1,				1,             1,          0,				-1,					'CIV_COLOR_ATLAS',	0),
			('BUILDING_ETHIOPIA_MONOLITHIC_CHURCH_COMMERCE',	'BUILDINGCLASS_ETHIOPIA_MONOLITHIC_CHURCH_COMMERCE',	'TXT_KEY_BUILDING_ETHIOPIA_MONOLITHIC_CHURCH_COMMERCE',		0,					-1,   -1,			-1,				1,             1,          0,				-1,					'CIV_COLOR_ATLAS',	0),
			('BUILDING_ETHIOPIA_MONOLITHIC_CHURCH_PANTHEON',	'BUILDINGCLASS_ETHIOPIA_MONOLITHIC_CHURCH_PANTHEON',	'TXT_KEY_BUILDING_ETHIOPIA_MONOLITHIC_CHURCH_PANTHEON',		0,					-1,   -1,			-1,				1,             1,          0,				-1,					'CIV_COLOR_ATLAS',	0),
			('BUILDING_ETHIOPIA_MONOLITHIC_CHURCH_FOUNDER',		'BUILDINGCLASS_ETHIOPIA_MONOLITHIC_CHURCH_FOUNDER',		'TXT_KEY_BUILDING_ETHIOPIA_MONOLITHIC_CHURCH_FOUNDER',		0,					-1,   -1,			-1,				1,             1,          0,				-1,					'CIV_COLOR_ATLAS',	0),
			('BUILDING_ETHIOPIA_MONOLITHIC_CHURCH_ENHANCER',	'BUILDINGCLASS_ETHIOPIA_MONOLITHIC_CHURCH_ENHANCER',	'TXT_KEY_BUILDING_ETHIOPIA_MONOLITHIC_CHURCH_ENHANCER',		0,					-1,   -1,			-1,				1,             1,          0,				-1,					'CIV_COLOR_ATLAS',	0),
			('BUILDING_ETHIOPIA_MONOLITHIC_CHURCH_REFORMATION',	'BUILDINGCLASS_ETHIOPIA_MONOLITHIC_CHURCH_REFORMATION',	'TXT_KEY_BUILDING_ETHIOPIA_MONOLITHIC_CHURCH_REFORMATION',	0,					-1,   -1,			-1,				1,             1,          0,				-1,					'CIV_COLOR_ATLAS',	0),
			('BUILDING_ETHIOPIA_MONOLITHIC_CHURCH_IDEOLOGY',	'BUILDINGCLASS_ETHIOPIA_MONOLITHIC_CHURCH_IDEOLOGY',	'TXT_KEY_BUILDING_ETHIOPIA_MONOLITHIC_CHURCH_IDEOLOGY',		0,					-1,   -1,			-1,				1,             1,          0,				-1,					'CIV_COLOR_ATLAS',	0);
------------------------------	
-- Building_ImprovementYieldChanges
------------------------------		
INSERT INTO Building_ImprovementYieldChanges	
			(BuildingType, 										ImprovementType,							YieldType,			Yield)
VALUES		('BUILDING_ETHIOPIA_MONOLITHIC_CHURCH_TRADITION',	'IMPROVEMENT_ETHIOPIA_MONOLITHIC_CHURCH',	'YIELD_CULTURE',	1),
			('BUILDING_ETHIOPIA_MONOLITHIC_CHURCH_LIBERTY',		'IMPROVEMENT_ETHIOPIA_MONOLITHIC_CHURCH',	'YIELD_CULTURE',	1),
			('BUILDING_ETHIOPIA_MONOLITHIC_CHURCH_HONOR',		'IMPROVEMENT_ETHIOPIA_MONOLITHIC_CHURCH',	'YIELD_CULTURE',	1),
			('BUILDING_ETHIOPIA_MONOLITHIC_CHURCH_PIETY',		'IMPROVEMENT_ETHIOPIA_MONOLITHIC_CHURCH',	'YIELD_FAITH',		1),
			('BUILDING_ETHIOPIA_MONOLITHIC_CHURCH_PATRONAGE',	'IMPROVEMENT_ETHIOPIA_MONOLITHIC_CHURCH',	'YIELD_FAITH',		1),
			('BUILDING_ETHIOPIA_MONOLITHIC_CHURCH_AESTHETICS',	'IMPROVEMENT_ETHIOPIA_MONOLITHIC_CHURCH',	'YIELD_FAITH',		1),
			('BUILDING_ETHIOPIA_MONOLITHIC_CHURCH_RATIONALISM',	'IMPROVEMENT_ETHIOPIA_MONOLITHIC_CHURCH',	'YIELD_SCIENCE',	1),
			('BUILDING_ETHIOPIA_MONOLITHIC_CHURCH_EXPLORATION',	'IMPROVEMENT_ETHIOPIA_MONOLITHIC_CHURCH',	'YIELD_SCIENCE',	1),
			('BUILDING_ETHIOPIA_MONOLITHIC_CHURCH_COMMERCE',	'IMPROVEMENT_ETHIOPIA_MONOLITHIC_CHURCH',	'YIELD_SCIENCE',	1),
			('BUILDING_ETHIOPIA_MONOLITHIC_CHURCH_PANTHEON',	'IMPROVEMENT_ETHIOPIA_MONOLITHIC_CHURCH',	'YIELD_FAITH',		1),
			('BUILDING_ETHIOPIA_MONOLITHIC_CHURCH_FOUNDER',		'IMPROVEMENT_ETHIOPIA_MONOLITHIC_CHURCH',	'YIELD_PRODUCTION',	1),
			('BUILDING_ETHIOPIA_MONOLITHIC_CHURCH_ENHANCER',	'IMPROVEMENT_ETHIOPIA_MONOLITHIC_CHURCH',	'YIELD_PRODUCTION',	1),
			('BUILDING_ETHIOPIA_MONOLITHIC_CHURCH_ENHANCER',	'IMPROVEMENT_ETHIOPIA_MONOLITHIC_CHURCH',	'YIELD_CULTURE',	1),
			('BUILDING_ETHIOPIA_MONOLITHIC_CHURCH_REFORMATION',	'IMPROVEMENT_ETHIOPIA_MONOLITHIC_CHURCH',	'YIELD_PRODUCTION',	1),
			('BUILDING_ETHIOPIA_MONOLITHIC_CHURCH_REFORMATION',	'IMPROVEMENT_ETHIOPIA_MONOLITHIC_CHURCH',	'YIELD_GOLD',		1),
			('BUILDING_ETHIOPIA_MONOLITHIC_CHURCH_IDEOLOGY',	'IMPROVEMENT_ETHIOPIA_MONOLITHIC_CHURCH',	'YIELD_GOLD',		2);
--==========================================================================================================================
--==========================================================================================================================
